David's Sandevistan was one of a kind. It was originally an Apogee, which is already a secret military variant that doesn't officially exist but it was further modified by a division of the best Saka techies in the world and it wasnt that when David got it. It was destroying his Humanity stat and lowering his HP when he used it. Smasher had a similar experimental one but no negative effects. Since David and his unique Sandy are both gone and Smasher has no Humanity stat, David's biometric data is literally irreplaceable to Arasaka in order to continue their supersolider program.

"Adam Smasher was born different."

Lucy

Her father was an elite solider and veteran of the 4th Corporate War with Saka called Takeshi Kushinada, her mom was called Shimmer and she was a underground runner for a Polish gang. She was raised in absolute luxury in Warsaw like Corpo V was mentioned to have been. She hacked into her father's files and saw his merciless atrocities he proudly committed during the 4th Corporate War. Despite being a loving father to her, horrified by his acts she was compelled to defy and rebel against him at seven years old. As Lucy had the potential to be one of the best netrunners in the world and to put her in her place, he forced her to take a skills assessment with Arasaka and sent her to join one of their black ops netrunning teams looking for data beyond the BlackWall.

After she escaped she was so terrified of her father she knew she could never return home and traveled through Europe and the NUSA taking small gigs. She found out her mom rejoined her netrunner gang and was looking for her whenever she tried to settle down but wasn't sure about her intentions so she decided to keep running until she could save enough to escape her family and Saka forever on the Moon. She traveled from state to state, taking small gigs and perfecting her skills until she eventually met with Kiwi and that was that.

Maine

Maine was the child of a single mom, a jazz singer who had no idea who his father was but settled down in Maine and liked the state so decided to name him after it. Realizing she would never become famous, she became a waitress to provide. Maine was sickly and weak and mercilessly bullied in his youth which led to his inferiority complex about his size and swore that he would be stronger and bigger than anyone. He became a bouncer and underground street fighter that KO'ed FIVE NUSA SpecOps one night in a bar and they offered him to enlist. "Learning he could let his beast out and get paid for it? Maine signed on without hesitation." He spent two years in South America, serving with Solomon Reed, burning villages. Reed offered him to join his spy ring in NC during the Unification War. He declined but saw that NC was the perfect place to start over, he decided to make his own crew and become a legend.

Falco

Was born in the Free State of Texas and his parents were farmers but he started off modding cars and become a street racer, one of the best in Texas and then the country. Eventually went to NC and beat racing legends such as Rearview and Jeremy Taylor. Eventually became an Edgerunner, his first gig was robbing an Orbital Air warehouse. He was satisfied with the tension with the gigs of the Edgerunner lifestyle and was a respected member of the Afterlife.

Kiwi

She believes her parents sold her to a corpo factory but has no recollection of them. The factory foreman essentially raised her and made sure she was comfortable, trained her, emotionally supported her, but eventually sexually propositioned her. She refused and he sold her off to a sex den. (Presumably this is how she got her philosophy of never trusting anyone)

She was a natural techie and created a device that inured her to sensations and cut off all emotional responses to the work she had to do to survive. Two years later a client with gorilla arms literally ripped her jaw off but she chose not to rebuild it. She became a self taught netrunner and eventually destroyed the corpo factory and the cat house with the proprietor and foreman still inside with short circuit hacks. Like Lucy she survived in hiding taking small gigs to not attract undue attention until she met Rebecca, who brought her in the crew.

Dorio Gunnarsdóttir

Born in Iceland, her family were athletes and she spent her life training. Eventually her family went to a NC track meet, a West Coast Grand Prix Circuit event. Her father wins but the money was so little he could earn more fighting with the Animals underground. Eventually her father joined the Animals and they lived in comfort in NC until her father was killed in a shootout with the Voodoo Boys. Dorio and her mom went from comfort to very meagre living. Dorio hated gangers, particularly the Animals and Voodoo Boys, couldn't do shit about them as an athlete and realized she didn't want to be an athlete anymore. Eventually she bought a gun and wanted to kill a random Animal and stalked him in the streets and a bar, in the bathroom she tried to kill him but ended up with a broken nose. Maine happened to be following her and saved her life, killing the Animal, offering to have her join his new crew, which she accepts.

David Martinez

No mention of his father whatsoever. Gloria's water broke while in an ambulance attaching the arm of a Edgerunner. She reattached their arm and delivered David herself on the gurney while the runner cut the umbilical cord with the mantis blade in the arm she just reattached. As much as Gloria loved him and protected him, he was bored, inquisitive and always liked new challenges, feeling he was destined for more. The son of a 6th street ganger confronted David one day, beating him to the point that the gangoon broke his hand and wailed like a bitch in front of everyone. David laughed for over an hour after the beating and no one would ever lay a hand on him again in the neighborhood, reinforcing his belief that he was special, that he would do great things in life.

Rebecca & Pilar (no last name)

They were children of the legendary Edgerunner Papa Sunrise who suddenly disappeared one day. Sunrise trained Pilar as a Edgerunner. Their mother disappeared when Rebecca was only six. His father's associates all betrayed them except for a few, mainly Wakako, who Pilar called “Auntie.” who gave them steady gigs. But Becca kept ruining their gigs with her temperament and Pilar signed on with Maine and his crew in order to keep her in line and to achieve his dream of becoming a Night City legend.

Rebecca was considered to be emotional, unpredictable, and too compassionate to be an edgerunner and kept making critical mistakes. For example, she kept Wakako waiting because she stood up for a defenseless waitress accosted by a crew of Animals. Another time, she had to stop and cuddle a cute pup, attracting the Scavs. Another time, instead of killing the target of a gig, she brought him home. Their father said that Becca's "zaniness" and excessive compassion would get her killed. She was about to decide not to become a Edgerunner until Pilar introduced her to Maine.

Adam Smasher

His bio is the same for the solo of fortune except no one knows much about him. He was alleged to be seen all across the world over the decades in many warzones. One interesting bit is that it suggests the possibility that the real Adam Smasher died during the nuke and Arasaka brainwashed a random (or multiple) people who've have had Full Borg Conversions into believing they are the genuine article.

The Jacket story

Falco ended up with several mementos to remember their crew with. He had them stowed in a unit at a small self-storage place on the edge of Night City. Traumatized by what happened, he went to the Badlands to decide what to do next, but a low level Valentino called Dalton stole everything. Returning to NC is a death sentence as he and presumably Lucy are on Militech and Arasaka's kill lists and the NCPD wants Falco also. Dalton's Tino clique stole from Gustavo Orta, from the Gig: Bring Me the Head of Gustavo Orta. He put a green light (kill order) on everyone involved so he needs eddies to smuggle himself out of town. Falco hires Dakota to get his stuff back. Orta's apparently a bad boss as his right hand Maria and other subordinates are terrified of him, knowing he routinely kills his people for failure.

As we know, Gloria Martinez was a medtech working for REO Meatwagon, a cut rate emergency response company contracted by the city that got everyone else that Trauma Team doesn't get. David never knew that on the jacket there was a biomonitor for capturing and recording the wearer’s biometric data. There was a tracker on it that was destroyed early in his training, which explained why no one could find him, but the bioman was undamaged. The Biomon was capturing all of David’s biometric data during his time as an edgerunner. His unique Apogee Sandevistan was designed as part of Arasaka's Cyberskeleton. However high ups in Arasaka were impressed by David’s performance. They need the jacket to revive the project and create the next generation of cybersoldiers.

In short, Falco had the jacket. Dalton has the jacket. And Arasaka wants the jacket. And the Crew selected by the Players is right in the middle.

The paths are branching with mutiple outcomes based on the decisions and chosen lifepaths. T he first firefight will be against employees from REO Meatwagon who are looking to make a few extra eddies. The Crew will be chasing a low-level Arasaka corpo through a subway train. They’ll either confront or run from NCPD officers in an effort to escape a megabuilding under quarantine. An Arasaka security specialist hires a team of edgerun ners to ambush the Crew. Things get real when the Crew winds up in the middle of a battle between Arasaka soldiers and a nomad pack. The final battle is against a team of Valentinos loyal to Gustavo Orta, led by Maria Torres. Oh, and if the Crew jumps the wrong way, you have the option of tossing in Adam Smasher just for fun You can meet Jackie and he spills exactly why Dalton is on the run and that the Tino's are killing every member of his clique they can find but refuses to tell you more since he has a date with Misty. Dalton's mainline is a Mox called Summer. He feels his only hope is to escape with a nomad pack briefly in town called the Steel Vaqueros (but he stole one of their cars). The Jacket is so important Arasaka is sending strike teams after it under orders not to damage it in any way. The Steel Vaqueros get in a shootout with one of the Strike Teams and they have to leave town within an hour but offer to take Summer and Dalton with them if they do something to prove themselves, namely stealing a turret from a downed AV. Of course you can betray him for the 1,000 eddie bounty that Orta put out. There are far more choices than i'm naming here, you even can lose David's jacket to Arasaka forever which is obviously not canon.

A Saka executive with over 25 years with the company offers the crew 5,000 eddies for David's data, you can hand it over and get paid, destroy the data, refuse to handover the data or attempt to kill him. If you attempt to kill him, he escapes but your crew attempts to leave NC and Adam Smasher will kill you in a hopeless fight.

“You weaklings implant a little chrome, and start thinking you can call the shots. Time to die, little meat.”

Like the game and anime, it reinforces how much of a wretched hive NC is, where poverty is the norm, while the authorities of Night City enforce the status quo with no care for the welfare of those they’re enforcing it on. "It showcases the futility of the Cyberpunk world – in the end, you can’t even save yourself."